CaseMasterID,CrimeNo,CaseNo,CrimeRegisteredDate,IncidentFromDate,IncidentToDate,PoliceStationID,CaseCategoryID,GravityOffenceID,CrimeMajorHeadID,latitude,longitude,BriefFacts
10000,100191000202600000,202600000,2026-03-23T17:03:29.683Z,2026-03-22T17:03:29.683Z 08:00:00,2026-03-22T17:03:29.683Z 18:00:00,191,3,2,4,12.32,76.88,Incident reported in Bidar. Complainant alleges cyber crimes involving 1 suspect(s). Investigation is ongoing under jurisdiction of the local police station.
10001,100101001202600001,202600001,2026-07-12T17:03:29.685Z,2026-07-11T17:03:29.685Z 08:00:00,2026-07-11T17:03:29.685Z 18:00:00,101,1,2,4,14,76.2,Incident reported in Tumakuru. Complainant alleges cyber crimes involving 1 suspect(s). Investigation is ongoing under jurisdiction of the local police station.
10002,100231002202600002,202600002,2026-03-16T17:03:29.685Z,2026-03-16T17:03:29.685Z 08:00:00,2026-03-16T17:03:29.685Z 18:00:00,231,2,2,7,14,76.72,Incident reported in Chikkaballapura. Complainant alleges public order involving 3 suspect(s). Investigation is ongoing under jurisdiction of the local police station.
10003,100211003202600003,202600003,2026-03-30T17:03:29.685Z,2026-03-29T17:03:29.685Z 08:00:00,2026-03-29T17:03:29.685Z 18:00:00,211,1,1,3,12.8,75.52,Incident reported in Bagalkote. Complainant alleges crimes against women involving 3 suspect(s). Investigation is ongoing under jurisdiction of the local police station.
10004,100131004202600004,202600004,2026-05-24T17:03:29.685Z,2026-05-23T17:03:29.685Z 08:00:00,2026-05-23T17:03:29.685Z 18:00:00,131,3,2,3,13.52,75.8,Incident reported in Davanagere. Complainant alleges crimes against women involving 2 suspect(s). Investigation is ongoing under jurisdiction of the local police station.
10005,100131005202600005,202600005,2026-04-24T17:03:29.686Z,2026-04-24T17:03:29.686Z 08:00:00,2026-04-24T17:03:29.686Z 18:00:00,131,3,2,4,13.52,75.8,Incident reported in Davanagere. Complainant alleges cyber crimes involving 3 suspect(s). Investigation is ongoing under jurisdiction of the local police station.
10006,100231006202600006,202600006,2026-06-16T17:03:29.686Z,2026-06-15T17:03:29.686Z 08:00:00,2026-06-15T17:03:29.686Z 18:00:00,231,3,2,6,14,76.72,Incident reported in Chikkaballapura. Complainant alleges narcotics involving 2 suspect(s). Investigation is ongoing under jurisdiction of the local police station.
10007,100251007202600007,202600007,2026-04-18T17:03:29.686Z,2026-04-18T17:03:29.686Z 08:00:00,2026-04-18T17:03:29.686Z 18:00:00,251,3,1,4,13.04,75.4,Incident reported in Gadag. Complainant alleges cyber crimes involving 1 suspect(s). Investigation is ongoing under jurisdiction of the local police station.
10008,100161008202600008,202600008,2026-03-20T17:03:29.686Z,2026-03-18T17:03:29.686Z 08:00:00,2026-03-18T17:03:29.686Z 18:00:00,161,3,2,6,14.64,76,Incident reported in Mandya. Complainant alleges narcotics involving 3 suspect(s). Investigation is ongoing under jurisdiction of the local police station.
10009,100231009202600009,202600009,2026-06-21T17:03:29.686Z,2026-06-19T17:03:29.686Z 08:00:00,2026-06-19T17:03:29.686Z 18:00:00,231,1,1,4,14,76.72,Incident reported in Chikkaballapura. Complainant alleges cyber crimes involving 2 suspect(s). Investigation is ongoing under jurisdiction of the local police station.
10010,100021010202600010,202600010,2026-06-08T17:03:29.686Z,2026-06-06T17:03:29.686Z 08:00:00,2026-06-06T17:03:29.686Z 18:00:00,21,2,2,1,14.2,76.32,Incident reported in Bengaluru Rural. Complainant alleges crimes against body involving 2 suspect(s). Investigation is ongoing under jurisdiction of the local police station.
10011,100241011202600011,202600011,2026-04-08T17:03:29.686Z,2026-04-06T17:03:29.686Z 08:00:00,2026-04-06T17:03:29.686Z 18:00:00,241,3,2,1,13.68,75.92,Incident reported in Chitradurga. Complainant alleges crimes against body involving 1 suspect(s). Investigation is ongoing under jurisdiction of the local police station.
10012,100111012202600012,202600012,2026-03-06T17:03:29.686Z,2026-03-05T17:03:29.686Z 08:00:00,2026-03-05T17:03:29.686Z 18:00:00,111,3,1,2,13.8,75.4,Incident reported in Shivamogga. Complainant alleges crimes against property involving 1 suspect(s). Investigation is ongoing under jurisdiction of the local police station.
10013,100011013202600013,202600013,2026-03-19T17:03:29.686Z,2026-03-17T17:03:29.686Z 08:00:00,2026-03-17T17:03:29.686Z 18:00:00,11,1,2,5,14.4,76.48,Incident reported in Bengaluru City. Complainant alleges economic offences involving 3 suspect(s). Investigation is ongoing under jurisdiction of the local police station.
10014,100031014202600014,202600014,2026-04-24T17:03:29.686Z,2026-04-24T17:03:29.686Z 08:00:00,2026-04-24T17:03:29.686Z 18:00:00,31,1,2,7,14.879999999999999,75.92,Incident reported in Mysuru. Complainant alleges public order involving 3 suspect(s). Investigation is ongoing under jurisdiction of the local police station.
10015,100191015202600015,202600015,2026-04-07T17:03:29.686Z,2026-04-05T17:03:29.686Z 08:00:00,2026-04-05T17:03:29.686Z 18:00:00,191,2,2,6,12.32,76.88,Incident reported in Bidar. Complainant alleges narcotics involving 1 suspect(s). Investigation is ongoing under jurisdiction of the local police station.
10016,100271016202600016,202600016,2026-04-07T17:03:29.686Z,2026-04-07T17:03:29.686Z 08:00:00,2026-04-07T17:03:29.686Z 18:00:00,271,2,1,5,13.04,76,Incident reported in Koppal. Complainant alleges economic offences involving 1 suspect(s). Investigation is ongoing under jurisdiction of the local police station.
10017,100081017202600017,202600017,2026-02-01T17:03:29.686Z,2026-02-01T17:03:29.686Z 08:00:00,2026-02-01T17:03:29.686Z 18:00:00,81,1,1,7,13.2,76.2,Incident reported in Ballari. Complainant alleges public order involving 2 suspect(s). Investigation is ongoing under jurisdiction of the local police station.
10018,100211018202600018,202600018,2026-04-30T17:03:29.686Z,2026-04-30T17:03:29.686Z 08:00:00,2026-04-30T17:03:29.686Z 18:00:00,211,1,2,2,12.8,75.52,Incident reported in Bagalkote. Complainant alleges crimes against property involving 3 suspect(s). Investigation is ongoing under jurisdiction of the local police station.
10019,100171019202600019,202600019,2026-02-09T17:03:29.686Z,2026-02-07T17:03:29.686Z 08:00:00,2026-02-07T17:03:29.686Z 18:00:00,171,3,1,5,14.2,75.44,Incident reported in Chikkamagaluru. Complainant alleges economic offences involving 1 suspect(s). Investigation is ongoing under jurisdiction of the local police station.
10020,100051020202600020,202600020,2026-05-21T17:03:29.686Z,2026-05-20T17:03:29.686Z 08:00:00,2026-05-20T17:03:29.686Z 18:00:00,51,1,1,1,13.2,75.28,Incident reported in Hubballi-Dharwad. Complainant alleges crimes against body involving 2 suspect(s). Investigation is ongoing under jurisdiction of the local police station.
10021,100011021202600021,202600021,2026-06-10T17:03:29.686Z,2026-06-08T17:03:29.686Z 08:00:00,2026-06-08T17:03:29.686Z 18:00:00,11,3,1,7,14.4,76.48,Incident reported in Bengaluru City. Complainant alleges public order involving 3 suspect(s). Investigation is ongoing under jurisdiction of the local police station.
10022,100021022202600022,202600022,2026-02-05T17:03:29.686Z,2026-02-03T17:03:29.686Z 08:00:00,2026-02-03T17:03:29.686Z 18:00:00,21,1,2,6,14.2,76.32,Incident reported in Bengaluru Rural. Complainant alleges narcotics involving 3 suspect(s). Investigation is ongoing under jurisdiction of the local police station.
10023,100251023202600023,202600023,2026-03-26T17:03:29.686Z,2026-03-24T17:03:29.686Z 08:00:00,2026-03-24T17:03:29.686Z 18:00:00,251,2,1,2,13.04,75.4,Incident reported in Gadag. Complainant alleges crimes against property involving 3 suspect(s). Investigation is ongoing under jurisdiction of the local police station.
10024,100151024202600024,202600024,2026-04-06T17:03:29.686Z,2026-04-04T17:03:29.686Z 08:00:00,2026-04-04T17:03:29.686Z 18:00:00,151,3,2,3,14.4,75.68,Incident reported in Hassan. Complainant alleges crimes against women involving 3 suspect(s). Investigation is ongoing under jurisdiction of the local police station.
10025,100091025202600025,202600025,2026-06-05T17:03:29.686Z,2026-06-03T17:03:29.686Z 08:00:00,2026-06-03T17:03:29.686Z 18:00:00,91,2,2,6,12.6,75.8,Incident reported in Vijayapura. Complainant alleges narcotics involving 3 suspect(s). Investigation is ongoing under jurisdiction of the local police station.
10026,100091026202600026,202600026,2026-06-07T17:03:29.686Z,2026-06-05T17:03:29.686Z 08:00:00,2026-06-05T17:03:29.686Z 18:00:00,91,3,2,7,12.6,75.8,Incident reported in Vijayapura. Complainant alleges public order involving 1 suspect(s). Investigation is ongoing under jurisdiction of the local police station.
10027,100171027202600027,202600027,2026-07-16T17:03:29.686Z,2026-07-15T17:03:29.686Z 08:00:00,2026-07-15T17:03:29.686Z 18:00:00,171,2,2,6,14.2,75.44,Incident reported in Chikkamagaluru. Complainant alleges narcotics involving 3 suspect(s). Investigation is ongoing under jurisdiction of the local police station.
10028,100311028202600028,202600028,2026-01-27T17:03:29.686Z,2026-01-27T17:03:29.686Z 08:00:00,2026-01-27T17:03:29.686Z 18:00:00,311,3,2,7,13.28,76.08,Incident reported in Vijayanagara. Complainant alleges public order involving 1 suspect(s). Investigation is ongoing under jurisdiction of the local police station.
10029,100301029202600029,202600029,2026-05-23T17:03:29.686Z,2026-05-23T17:03:29.686Z 08:00:00,2026-05-23T17:03:29.686Z 18:00:00,301,2,2,7,12.72,76.56,Incident reported in Yadgir. Complainant alleges public order involving 1 suspect(s). Investigation is ongoing under jurisdiction of the local police station.
10030,100021030202600030,202600030,2026-05-13T17:03:29.686Z,2026-05-13T17:03:29.686Z 08:00:00,2026-05-13T17:03:29.686Z 18:00:00,21,3,2,1,14.2,76.32,Incident reported in Bengaluru Rural. Complainant alleges crimes against body involving 3 suspect(s). Investigation is ongoing under jurisdiction of the local police station.
10031,100011031202600031,202600031,2026-05-04T17:03:29.686Z,2026-05-03T17:03:29.686Z 08:00:00,2026-05-03T17:03:29.686Z 18:00:00,11,1,2,2,14.4,76.48,Incident reported in Bengaluru City. Complainant alleges crimes against property involving 2 suspect(s). Investigation is ongoing under jurisdiction of the local police station.
10032,100181032202600032,202600032,2026-02-23T17:03:29.686Z,2026-02-21T17:03:29.686Z 08:00:00,2026-02-21T17:03:29.686Z 18:00:00,181,1,2,1,14.879999999999999,75.36,Incident reported in Kodagu. Complainant alleges crimes against body involving 2 suspect(s). Investigation is ongoing under jurisdiction of the local police station.
10033,100041033202600033,202600033,2026-06-01T17:03:29.686Z,2026-06-01T17:03:29.686Z 08:00:00,2026-06-01T17:03:29.686Z 18:00:00,41,2,2,1,14.2,74.88,Incident reported in Mangaluru. Complainant alleges crimes against body involving 2 suspect(s). Investigation is ongoing under jurisdiction of the local police station.
10034,100231034202600034,202600034,2026-04-28T17:03:29.686Z,2026-04-27T17:03:29.686Z 08:00:00,2026-04-27T17:03:29.686Z 18:00:00,231,2,2,7,14,76.72,Incident reported in Chikkaballapura. Complainant alleges public order involving 3 suspect(s). Investigation is ongoing under jurisdiction of the local police station.
10035,100221035202600035,202600035,2026-03-24T17:03:29.687Z,2026-03-24T17:03:29.687Z 08:00:00,2026-03-24T17:03:29.687Z 18:00:00,221,1,2,2,15.2,75.92,Incident reported in Chamarajanagara. Complainant alleges crimes against property involving 3 suspect(s). Investigation is ongoing under jurisdiction of the local police station.
10036,100281036202600036,202600036,2026-01-31T17:03:29.687Z,2026-01-30T17:03:29.687Z 08:00:00,2026-01-30T17:03:29.687Z 18:00:00,281,3,2,7,14.56,76.24,Incident reported in Ramanagara. Complainant alleges public order involving 3 suspect(s). Investigation is ongoing under jurisdiction of the local police station.
10037,100241037202600037,202600037,2026-05-27T17:03:29.687Z,2026-05-25T17:03:29.687Z 08:00:00,2026-05-25T17:03:29.687Z 18:00:00,241,2,2,4,13.68,75.92,Incident reported in Chitradurga. Complainant alleges cyber crimes involving 1 suspect(s). Investigation is ongoing under jurisdiction of the local police station.
10038,100231038202600038,202600038,2026-04-18T17:03:29.687Z,2026-04-17T17:03:29.687Z 08:00:00,2026-04-17T17:03:29.687Z 18:00:00,231,3,1,2,14,76.72,Incident reported in Chikkaballapura. Complainant alleges crimes against property involving 3 suspect(s). Investigation is ongoing under jurisdiction of the local police station.
10039,100241039202600039,202600039,2026-02-02T17:03:29.687Z,2026-02-02T17:03:29.687Z 08:00:00,2026-02-02T17:03:29.687Z 18:00:00,241,3,1,5,13.68,75.92,Incident reported in Chitradurga. Complainant alleges economic offences involving 3 suspect(s). Investigation is ongoing under jurisdiction of the local police station.
10040,100161040202600040,202600040,2026-07-04T17:03:29.687Z,2026-07-02T17:03:29.687Z 08:00:00,2026-07-02T17:03:29.687Z 18:00:00,161,2,2,4,14.64,76,Incident reported in Mandya. Complainant alleges cyber crimes involving 1 suspect(s). Investigation is ongoing under jurisdiction of the local police station.
10041,100181041202600041,202600041,2026-03-23T17:03:29.687Z,2026-03-22T17:03:29.687Z 08:00:00,2026-03-22T17:03:29.687Z 18:00:00,181,3,2,4,14.879999999999999,75.36,Incident reported in Kodagu. Complainant alleges cyber crimes involving 2 suspect(s). Investigation is ongoing under jurisdiction of the local police station.
10042,100221042202600042,202600042,2026-06-22T17:03:29.687Z,2026-06-20T17:03:29.687Z 08:00:00,2026-06-20T17:03:29.687Z 18:00:00,221,3,1,6,15.2,75.92,Incident reported in Chamarajanagara. Complainant alleges narcotics involving 3 suspect(s). Investigation is ongoing under jurisdiction of the local police station.
10043,100191043202600043,202600043,2026-04-25T17:03:29.687Z,2026-04-23T17:03:29.687Z 08:00:00,2026-04-23T17:03:29.687Z 18:00:00,191,1,1,3,12.32,76.88,Incident reported in Bidar. Complainant alleges crimes against women involving 2 suspect(s). Investigation is ongoing under jurisdiction of the local police station.
10044,100121044202600044,202600044,2026-02-28T17:03:29.687Z,2026-02-28T17:03:29.687Z 08:00:00,2026-02-28T17:03:29.687Z 18:00:00,121,3,1,3,13.92,74.8,Incident reported in Udupi. Complainant alleges crimes against women involving 1 suspect(s). Investigation is ongoing under jurisdiction of the local police station.
10045,100261045202600045,202600045,2026-03-13T17:03:29.687Z,2026-03-13T17:03:29.687Z 08:00:00,2026-03-13T17:03:29.687Z 18:00:00,261,3,2,1,13.36,75.44,Incident reported in Haveri. Complainant alleges crimes against body involving 3 suspect(s). Investigation is ongoing under jurisdiction of the local police station.
10046,100031046202600046,202600046,2026-05-25T17:03:29.687Z,2026-05-23T17:03:29.687Z 08:00:00,2026-05-23T17:03:29.687Z 18:00:00,31,1,1,2,14.879999999999999,75.92,Incident reported in Mysuru. Complainant alleges crimes against property involving 1 suspect(s). Investigation is ongoing under jurisdiction of the local police station.
10047,100021047202600047,202600047,2026-06-30T17:03:29.687Z,2026-06-29T17:03:29.687Z 08:00:00,2026-06-29T17:03:29.687Z 18:00:00,21,2,1,2,14.2,76.32,Incident reported in Bengaluru Rural. Complainant alleges crimes against property involving 1 suspect(s). Investigation is ongoing under jurisdiction of the local police station.
10048,100071048202600048,202600048,2026-02-08T17:03:29.687Z,2026-02-08T17:03:29.687Z 08:00:00,2026-02-08T17:03:29.687Z 18:00:00,71,2,2,3,12.56,76.48,Incident reported in Kalaburagi. Complainant alleges crimes against women involving 1 suspect(s). Investigation is ongoing under jurisdiction of the local police station.
10049,100091049202600049,202600049,2026-01-26T17:03:29.687Z,2026-01-25T17:03:29.687Z 08:00:00,2026-01-25T17:03:29.687Z 18:00:00,91,1,1,2,12.6,75.8,Incident reported in Vijayapura. Complainant alleges crimes against property involving 3 suspect(s). Investigation is ongoing under jurisdiction of the local police station.
10050,100201050202600050,202600050,2026-07-19T17:03:29.687Z,2026-07-17T17:03:29.687Z 08:00:00,2026-07-17T17:03:29.687Z 18:00:00,201,3,2,2,14.2,76.88,Incident reported in Kolar. Complainant alleges crimes against property involving 3 suspect(s). Investigation is ongoing under jurisdiction of the local police station.
10051,100051051202600051,202600051,2026-02-10T17:03:29.687Z,2026-02-10T17:03:29.687Z 08:00:00,2026-02-10T17:03:29.687Z 18:00:00,51,3,2,7,13.2,75.28,Incident reported in Hubballi-Dharwad. Complainant alleges public order involving 3 suspect(s). Investigation is ongoing under jurisdiction of the local police station.
10052,100151052202600052,202600052,2026-03-21T17:03:29.687Z,2026-03-19T17:03:29.687Z 08:00:00,2026-03-19T17:03:29.687Z 18:00:00,151,1,1,3,14.4,75.68,Incident reported in Hassan. Complainant alleges crimes against women involving 1 suspect(s). Investigation is ongoing under jurisdiction of the local police station.
10053,100201053202600053,202600053,2026-07-09T17:03:29.687Z,2026-07-07T17:03:29.687Z 08:00:00,2026-07-07T17:03:29.687Z 18:00:00,201,2,2,4,14.2,76.88,Incident reported in Kolar. Complainant alleges cyber crimes involving 2 suspect(s). Investigation is ongoing under jurisdiction of the local police station.
10054,100121054202600054,202600054,2026-07-02T17:03:29.687Z,2026-07-02T17:03:29.687Z 08:00:00,2026-07-02T17:03:29.687Z 18:00:00,121,1,2,4,13.92,74.8,Incident reported in Udupi. Complainant alleges cyber crimes involving 1 suspect(s). Investigation is ongoing under jurisdiction of the local police station.
10055,100091055202600055,202600055,2026-02-27T17:03:29.687Z,2026-02-27T17:03:29.687Z 08:00:00,2026-02-27T17:03:29.687Z 18:00:00,91,3,2,5,12.6,75.8,Incident reported in Vijayapura. Complainant alleges economic offences involving 2 suspect(s). Investigation is ongoing under jurisdiction of the local police station.
10056,100201056202600056,202600056,2026-06-12T17:03:29.687Z,2026-06-11T17:03:29.687Z 08:00:00,2026-06-11T17:03:29.687Z 18:00:00,201,3,1,2,14.2,76.88,Incident reported in Kolar. Complainant alleges crimes against property involving 2 suspect(s). Investigation is ongoing under jurisdiction of the local police station.
10057,100271057202600057,202600057,2026-03-24T17:03:29.687Z,2026-03-22T17:03:29.687Z 08:00:00,2026-03-22T17:03:29.687Z 18:00:00,271,3,2,5,13.04,76,Incident reported in Koppal. Complainant alleges economic offences involving 3 suspect(s). Investigation is ongoing under jurisdiction of the local police station.
10058,100221058202600058,202600058,2026-07-19T17:03:29.687Z,2026-07-17T17:03:29.687Z 08:00:00,2026-07-17T17:03:29.687Z 18:00:00,221,2,2,5,15.2,75.92,Incident reported in Chamarajanagara. Complainant alleges economic offences involving 2 suspect(s). Investigation is ongoing under jurisdiction of the local police station.
10059,100181059202600059,202600059,2026-03-19T17:03:29.687Z,2026-03-17T17:03:29.687Z 08:00:00,2026-03-17T17:03:29.687Z 18:00:00,181,2,1,6,14.879999999999999,75.36,Incident reported in Kodagu. Complainant alleges narcotics involving 3 suspect(s). Investigation is ongoing under jurisdiction of the local police station.
10060,100311060202600060,202600060,2026-06-01T17:03:29.687Z,2026-06-01T17:03:29.687Z 08:00:00,2026-06-01T17:03:29.687Z 18:00:00,311,3,2,4,13.28,76.08,Incident reported in Vijayanagara. Complainant alleges cyber crimes involving 2 suspect(s). Investigation is ongoing under jurisdiction of the local police station.
10061,100191061202600061,202600061,2026-06-09T17:03:29.687Z,2026-06-09T17:03:29.687Z 08:00:00,2026-06-09T17:03:29.687Z 18:00:00,191,1,1,7,12.32,76.88,Incident reported in Bidar. Complainant alleges public order involving 3 suspect(s). Investigation is ongoing under jurisdiction of the local police station.
10062,100021062202600062,202600062,2026-03-25T17:03:29.687Z,2026-03-24T17:03:29.687Z 08:00:00,2026-03-24T17:03:29.687Z 18:00:00,21,2,2,6,14.2,76.32,Incident reported in Bengaluru Rural. Complainant alleges narcotics involving 2 suspect(s). Investigation is ongoing under jurisdiction of the local police station.
10063,100271063202600063,202600063,2026-06-27T17:03:29.687Z,2026-06-27T17:03:29.687Z 08:00:00,2026-06-27T17:03:29.687Z 18:00:00,271,3,2,7,13.04,76,Incident reported in Koppal. Complainant alleges public order involving 2 suspect(s). Investigation is ongoing under jurisdiction of the local police station.
10064,100121064202600064,202600064,2026-04-13T17:03:29.687Z,2026-04-11T17:03:29.687Z 08:00:00,2026-04-11T17:03:29.687Z 18:00:00,121,2,1,7,13.92,74.8,Incident reported in Udupi. Complainant alleges public order involving 1 suspect(s). Investigation is ongoing under jurisdiction of the local police station.
10065,100261065202600065,202600065,2026-02-22T17:03:29.687Z,2026-02-22T17:03:29.687Z 08:00:00,2026-02-22T17:03:29.687Z 18:00:00,261,2,2,4,13.36,75.44,Incident reported in Haveri. Complainant alleges cyber crimes involving 1 suspect(s). Investigation is ongoing under jurisdiction of the local police station.
10066,100081066202600066,202600066,2026-02-21T17:03:29.687Z,2026-02-21T17:03:29.687Z 08:00:00,2026-02-21T17:03:29.687Z 18:00:00,81,3,2,5,13.2,76.2,Incident reported in Ballari. Complainant alleges economic offences involving 1 suspect(s). Investigation is ongoing under jurisdiction of the local police station.
10067,100041067202600067,202600067,2026-06-21T17:03:29.687Z,2026-06-21T17:03:29.687Z 08:00:00,2026-06-21T17:03:29.687Z 18:00:00,41,3,2,3,14.2,74.88,Incident reported in Mangaluru. Complainant alleges crimes against women involving 2 suspect(s). Investigation is ongoing under jurisdiction of the local police station.
10068,100101068202600068,202600068,2026-07-13T17:03:29.687Z,2026-07-12T17:03:29.687Z 08:00:00,2026-07-12T17:03:29.687Z 18:00:00,101,1,1,2,14,76.2,Incident reported in Tumakuru. Complainant alleges crimes against property involving 1 suspect(s). Investigation is ongoing under jurisdiction of the local police station.
10069,100021069202600069,202600069,2026-07-20T17:03:29.687Z,2026-07-19T17:03:29.687Z 08:00:00,2026-07-19T17:03:29.687Z 18:00:00,21,2,2,6,14.2,76.32,Incident reported in Bengaluru Rural. Complainant alleges narcotics involving 2 suspect(s). Investigation is ongoing under jurisdiction of the local police station.
10070,100111070202600070,202600070,2026-04-15T17:03:29.687Z,2026-04-13T17:03:29.687Z 08:00:00,2026-04-13T17:03:29.687Z 18:00:00,111,3,1,4,13.8,75.4,Incident reported in Shivamogga. Complainant alleges cyber crimes involving 3 suspect(s). Investigation is ongoing under jurisdiction of the local police station.
10071,100021071202600071,202600071,2026-02-01T17:03:29.687Z,2026-01-30T17:03:29.687Z 08:00:00,2026-01-30T17:03:29.687Z 18:00:00,21,2,2,5,14.2,76.32,Incident reported in Bengaluru Rural. Complainant alleges economic offences involving 3 suspect(s). Investigation is ongoing under jurisdiction of the local police station.
10072,100081072202600072,202600072,2026-04-09T17:03:29.687Z,2026-04-09T17:03:29.687Z 08:00:00,2026-04-09T17:03:29.687Z 18:00:00,81,3,2,4,13.2,76.2,Incident reported in Ballari. Complainant alleges cyber crimes involving 3 suspect(s). Investigation is ongoing under jurisdiction of the local police station.
10073,100191073202600073,202600073,2026-02-02T17:03:29.687Z,2026-01-31T17:03:29.687Z 08:00:00,2026-01-31T17:03:29.687Z 18:00:00,191,2,2,3,12.32,76.88,Incident reported in Bidar. Complainant alleges crimes against women involving 3 suspect(s). Investigation is ongoing under jurisdiction of the local police station.
10074,100271074202600074,202600074,2026-04-07T17:03:29.687Z,2026-04-06T17:03:29.687Z 08:00:00,2026-04-06T17:03:29.687Z 18:00:00,271,2,1,5,13.04,76,Incident reported in Koppal. Complainant alleges economic offences involving 2 suspect(s). Investigation is ongoing under jurisdiction of the local police station.
10075,100061075202600075,202600075,2026-04-29T17:03:29.687Z,2026-04-29T17:03:29.687Z 08:00:00,2026-04-29T17:03:29.687Z 18:00:00,61,1,1,5,12.72,75.12,Incident reported in Belagavi. Complainant alleges economic offences involving 1 suspect(s). Investigation is ongoing under jurisdiction of the local police station.
10076,100091076202600076,202600076,2026-02-18T17:03:29.687Z,2026-02-18T17:03:29.687Z 08:00:00,2026-02-18T17:03:29.687Z 18:00:00,91,3,1,5,12.6,75.8,Incident reported in Vijayapura. Complainant alleges economic offences involving 3 suspect(s). Investigation is ongoing under jurisdiction of the local police station.
10077,100131077202600077,202600077,2026-02-28T17:03:29.687Z,2026-02-27T17:03:29.687Z 08:00:00,2026-02-27T17:03:29.687Z 18:00:00,131,2,2,3,13.52,75.8,Incident reported in Davanagere. Complainant alleges crimes against women involving 3 suspect(s). Investigation is ongoing under jurisdiction of the local police station.
10078,100301078202600078,202600078,2026-02-01T17:03:29.687Z,2026-02-01T17:03:29.687Z 08:00:00,2026-02-01T17:03:29.687Z 18:00:00,301,3,2,7,12.72,76.56,Incident reported in Yadgir. Complainant alleges public order involving 2 suspect(s). Investigation is ongoing under jurisdiction of the local police station.
10079,100211079202600079,202600079,2026-03-26T17:03:29.687Z,2026-03-25T17:03:29.687Z 08:00:00,2026-03-25T17:03:29.687Z 18:00:00,211,1,2,7,12.8,75.52,Incident reported in Bagalkote. Complainant alleges public order involving 3 suspect(s). Investigation is ongoing under jurisdiction of the local police station.
10080,100141080202600080,202600080,2026-04-05T17:03:29.687Z,2026-04-03T17:03:29.687Z 08:00:00,2026-04-03T17:03:29.687Z 18:00:00,141,1,1,5,12.88,76.4,Incident reported in Raichur. Complainant alleges economic offences involving 3 suspect(s). Investigation is ongoing under jurisdiction of the local police station.
10081,100011081202600081,202600081,2026-07-07T17:03:29.687Z,2026-07-05T17:03:29.687Z 08:00:00,2026-07-05T17:03:29.687Z 18:00:00,11,1,2,6,14.4,76.48,Incident reported in Bengaluru City. Complainant alleges narcotics involving 2 suspect(s). Investigation is ongoing under jurisdiction of the local police station.
10082,100201082202600082,202600082,2026-04-07T17:03:29.687Z,2026-04-06T17:03:29.687Z 08:00:00,2026-04-06T17:03:29.687Z 18:00:00,201,1,1,2,14.2,76.88,Incident reported in Kolar. Complainant alleges crimes against property involving 3 suspect(s). Investigation is ongoing under jurisdiction of the local police station.
10083,100031083202600083,202600083,2026-03-28T17:03:29.687Z,2026-03-26T17:03:29.687Z 08:00:00,2026-03-26T17:03:29.687Z 18:00:00,31,3,1,6,14.879999999999999,75.92,Incident reported in Mysuru. Complainant alleges narcotics involving 2 suspect(s). Investigation is ongoing under jurisdiction of the local police station.
10084,100081084202600084,202600084,2026-03-17T17:03:29.687Z,2026-03-16T17:03:29.687Z 08:00:00,2026-03-16T17:03:29.687Z 18:00:00,81,3,2,2,13.2,76.2,Incident reported in Ballari. Complainant alleges crimes against property involving 2 suspect(s). Investigation is ongoing under jurisdiction of the local police station.
10085,100021085202600085,202600085,2026-07-19T17:03:29.688Z,2026-07-19T17:03:29.688Z 08:00:00,2026-07-19T17:03:29.688Z 18:00:00,21,3,2,3,14.2,76.32,Incident reported in Bengaluru Rural. Complainant alleges crimes against women involving 3 suspect(s). Investigation is ongoing under jurisdiction of the local police station.
10086,100181086202600086,202600086,2026-01-31T17:03:29.688Z,2026-01-29T17:03:29.688Z 08:00:00,2026-01-29T17:03:29.688Z 18:00:00,181,2,2,6,14.879999999999999,75.36,Incident reported in Kodagu. Complainant alleges narcotics involving 1 suspect(s). Investigation is ongoing under jurisdiction of the local police station.
10087,100251087202600087,202600087,2026-04-20T17:03:29.688Z,2026-04-18T17:03:29.688Z 08:00:00,2026-04-18T17:03:29.688Z 18:00:00,251,3,2,4,13.04,75.4,Incident reported in Gadag. Complainant alleges cyber crimes involving 2 suspect(s). Investigation is ongoing under jurisdiction of the local police station.
10088,100021088202600088,202600088,2026-07-09T17:03:29.688Z,2026-07-09T17:03:29.688Z 08:00:00,2026-07-09T17:03:29.688Z 18:00:00,21,2,1,6,14.2,76.32,Incident reported in Bengaluru Rural. Complainant alleges narcotics involving 3 suspect(s). Investigation is ongoing under jurisdiction of the local police station.
10089,100281089202600089,202600089,2026-03-16T17:03:29.688Z,2026-03-15T17:03:29.688Z 08:00:00,2026-03-15T17:03:29.688Z 18:00:00,281,2,2,7,14.56,76.24,Incident reported in Ramanagara. Complainant alleges public order involving 2 suspect(s). Investigation is ongoing under jurisdiction of the local police station.
10090,100051090202600090,202600090,2026-07-02T17:03:29.688Z,2026-07-01T17:03:29.688Z 08:00:00,2026-07-01T17:03:29.688Z 18:00:00,51,1,1,1,13.2,75.28,Incident reported in Hubballi-Dharwad. Complainant alleges crimes against body involving 2 suspect(s). Investigation is ongoing under jurisdiction of the local police station.
10091,100221091202600091,202600091,2026-03-30T17:03:29.688Z,2026-03-30T17:03:29.688Z 08:00:00,2026-03-30T17:03:29.688Z 18:00:00,221,3,2,4,15.2,75.92,Incident reported in Chamarajanagara. Complainant alleges cyber crimes involving 3 suspect(s). Investigation is ongoing under jurisdiction of the local police station.
10092,100221092202600092,202600092,2026-06-14T17:03:29.688Z,2026-06-12T17:03:29.688Z 08:00:00,2026-06-12T17:03:29.688Z 18:00:00,221,3,2,7,15.2,75.92,Incident reported in Chamarajanagara. Complainant alleges public order involving 2 suspect(s). Investigation is ongoing under jurisdiction of the local police station.
10093,100181093202600093,202600093,2026-03-21T17:03:29.688Z,2026-03-21T17:03:29.688Z 08:00:00,2026-03-21T17:03:29.688Z 18:00:00,181,3,2,7,14.879999999999999,75.36,Incident reported in Kodagu. Complainant alleges public order involving 3 suspect(s). Investigation is ongoing under jurisdiction of the local police station.
10094,100131094202600094,202600094,2026-04-02T17:03:29.688Z,2026-04-01T17:03:29.688Z 08:00:00,2026-04-01T17:03:29.688Z 18:00:00,131,2,2,2,13.52,75.8,Incident reported in Davanagere. Complainant alleges crimes against property involving 2 suspect(s). Investigation is ongoing under jurisdiction of the local police station.
10095,100151095202600095,202600095,2026-05-06T17:03:29.688Z,2026-05-04T17:03:29.688Z 08:00:00,2026-05-04T17:03:29.688Z 18:00:00,151,3,1,6,14.4,75.68,Incident reported in Hassan. Complainant alleges narcotics involving 3 suspect(s). Investigation is ongoing under jurisdiction of the local police station.
10096,100281096202600096,202600096,2026-07-04T17:03:29.688Z,2026-07-04T17:03:29.688Z 08:00:00,2026-07-04T17:03:29.688Z 18:00:00,281,1,2,7,14.56,76.24,Incident reported in Ramanagara. Complainant alleges public order involving 2 suspect(s). Investigation is ongoing under jurisdiction of the local police station.
10097,100291097202600097,202600097,2026-07-03T17:03:29.688Z,2026-07-01T17:03:29.688Z 08:00:00,2026-07-01T17:03:29.688Z 18:00:00,291,2,2,2,13.52,74.96,Incident reported in Uttara Kannada. Complainant alleges crimes against property involving 1 suspect(s). Investigation is ongoing under jurisdiction of the local police station.
10098,100131098202600098,202600098,2026-05-02T17:03:29.688Z,2026-05-02T17:03:29.688Z 08:00:00,2026-05-02T17:03:29.688Z 18:00:00,131,3,1,2,13.52,75.8,Incident reported in Davanagere. Complainant alleges crimes against property involving 2 suspect(s). Investigation is ongoing under jurisdiction of the local police station.
10099,100251099202600099,202600099,2026-06-26T17:03:29.688Z,2026-06-26T17:03:29.688Z 08:00:00,2026-06-26T17:03:29.688Z 18:00:00,251,1,2,4,13.04,75.4,Incident reported in Gadag. Complainant alleges cyber crimes involving 2 suspect(s). Investigation is ongoing under jurisdiction of the local police station.
10100,100191100202600100,202600100,2026-01-27T17:03:29.688Z,2026-01-27T17:03:29.688Z 08:00:00,2026-01-27T17:03:29.688Z 18:00:00,191,3,2,6,12.32,76.88,Incident reported in Bidar. Complainant alleges narcotics involving 2 suspect(s). Investigation is ongoing under jurisdiction of the local police station.
10101,100051101202600101,202600101,2026-03-05T17:03:29.688Z,2026-03-03T17:03:29.688Z 08:00:00,2026-03-03T17:03:29.688Z 18:00:00,51,2,2,5,13.2,75.28,Incident reported in Hubballi-Dharwad. Complainant alleges economic offences involving 2 suspect(s). Investigation is ongoing under jurisdiction of the local police station.
10102,100031102202600102,202600102,2026-03-15T17:03:29.688Z,2026-03-14T17:03:29.688Z 08:00:00,2026-03-14T17:03:29.688Z 18:00:00,31,2,2,2,14.879999999999999,75.92,Incident reported in Mysuru. Complainant alleges crimes against property involving 3 suspect(s). Investigation is ongoing under jurisdiction of the local police station.
10103,100131103202600103,202600103,2026-03-29T17:03:29.688Z,2026-03-29T17:03:29.688Z 08:00:00,2026-03-29T17:03:29.688Z 18:00:00,131,3,2,4,13.52,75.8,Incident reported in Davanagere. Complainant alleges cyber crimes involving 1 suspect(s). Investigation is ongoing under jurisdiction of the local police station.
10104,100261104202600104,202600104,2026-06-27T17:03:29.688Z,2026-06-27T17:03:29.688Z 08:00:00,2026-06-27T17:03:29.688Z 18:00:00,261,1,2,5,13.36,75.44,Incident reported in Haveri. Complainant alleges economic offences involving 2 suspect(s). Investigation is ongoing under jurisdiction of the local police station.
10105,100311105202600105,202600105,2026-01-28T17:03:29.688Z,2026-01-26T17:03:29.688Z 08:00:00,2026-01-26T17:03:29.688Z 18:00:00,311,2,2,1,13.28,76.08,Incident reported in Vijayanagara. Complainant alleges crimes against body involving 3 suspect(s). Investigation is ongoing under jurisdiction of the local police station.
10106,100261106202600106,202600106,2026-05-13T17:03:29.688Z,2026-05-12T17:03:29.688Z 08:00:00,2026-05-12T17:03:29.688Z 18:00:00,261,3,2,6,13.36,75.44,Incident reported in Haveri. Complainant alleges narcotics involving 3 suspect(s). Investigation is ongoing under jurisdiction of the local police station.
10107,100011107202600107,202600107,2026-03-17T17:03:29.688Z,2026-03-15T17:03:29.688Z 08:00:00,2026-03-15T17:03:29.688Z 18:00:00,11,1,1,7,14.4,76.48,Incident reported in Bengaluru City. Complainant alleges public order involving 1 suspect(s). Investigation is ongoing under jurisdiction of the local police station.
10108,100191108202600108,202600108,2026-04-14T17:03:29.688Z,2026-04-12T17:03:29.688Z 08:00:00,2026-04-12T17:03:29.688Z 18:00:00,191,3,2,5,12.32,76.88,Incident reported in Bidar. Complainant alleges economic offences involving 3 suspect(s). Investigation is ongoing under jurisdiction of the local police station.
10109,100121109202600109,202600109,2026-02-16T17:03:29.688Z,2026-02-16T17:03:29.688Z 08:00:00,2026-02-16T17:03:29.688Z 18:00:00,121,3,1,7,13.92,74.8,Incident reported in Udupi. Complainant alleges public order involving 1 suspect(s). Investigation is ongoing under jurisdiction of the local police station.
10110,100201110202600110,202600110,2026-06-24T17:03:29.688Z,2026-06-22T17:03:29.688Z 08:00:00,2026-06-22T17:03:29.688Z 18:00:00,201,2,2,3,14.2,76.88,Incident reported in Kolar. Complainant alleges crimes against women involving 1 suspect(s). Investigation is ongoing under jurisdiction of the local police station.
10111,100041111202600111,202600111,2026-03-17T17:03:29.688Z,2026-03-17T17:03:29.688Z 08:00:00,2026-03-17T17:03:29.688Z 18:00:00,41,3,2,4,14.2,74.88,Incident reported in Mangaluru. Complainant alleges cyber crimes involving 2 suspect(s). Investigation is ongoing under jurisdiction of the local police station.
10112,100141112202600112,202600112,2026-01-27T17:03:29.688Z,2026-01-27T17:03:29.688Z 08:00:00,2026-01-27T17:03:29.688Z 18:00:00,141,3,2,2,12.88,76.4,Incident reported in Raichur. Complainant alleges crimes against property involving 3 suspect(s). Investigation is ongoing under jurisdiction of the local police station.
10113,100181113202600113,202600113,2026-05-12T17:03:29.688Z,2026-05-11T17:03:29.688Z 08:00:00,2026-05-11T17:03:29.688Z 18:00:00,181,2,1,4,14.879999999999999,75.36,Incident reported in Kodagu. Complainant alleges cyber crimes involving 2 suspect(s). Investigation is ongoing under jurisdiction of the local police station.
10114,100131114202600114,202600114,2026-03-01T17:03:29.688Z,2026-03-01T17:03:29.688Z 08:00:00,2026-03-01T17:03:29.688Z 18:00:00,131,2,2,7,13.52,75.8,Incident reported in Davanagere. Complainant alleges public order involving 3 suspect(s). Investigation is ongoing under jurisdiction of the local police station.
10115,100281115202600115,202600115,2026-05-18T17:03:29.688Z,2026-05-17T17:03:29.688Z 08:00:00,2026-05-17T17:03:29.688Z 18:00:00,281,1,1,1,14.56,76.24,Incident reported in Ramanagara. Complainant alleges crimes against body involving 3 suspect(s). Investigation is ongoing under jurisdiction of the local police station.
10116,100251116202600116,202600116,2026-04-27T17:03:29.688Z,2026-04-27T17:03:29.688Z 08:00:00,2026-04-27T17:03:29.688Z 18:00:00,251,2,2,7,13.04,75.4,Incident reported in Gadag. Complainant alleges public order involving 1 suspect(s). Investigation is ongoing under jurisdiction of the local police station.
10117,100281117202600117,202600117,2026-06-29T17:03:29.688Z,2026-06-27T17:03:29.688Z 08:00:00,2026-06-27T17:03:29.688Z 18:00:00,281,3,1,1,14.56,76.24,Incident reported in Ramanagara. Complainant alleges crimes against body involving 3 suspect(s). Investigation is ongoing under jurisdiction of the local police station.
10118,100291118202600118,202600118,2026-06-14T17:03:29.688Z,2026-06-12T17:03:29.688Z 08:00:00,2026-06-12T17:03:29.688Z 18:00:00,291,3,2,3,13.52,74.96,Incident reported in Uttara Kannada. Complainant alleges crimes against women involving 1 suspect(s). Investigation is ongoing under jurisdiction of the local police station.
10119,100181119202600119,202600119,2026-04-19T17:03:29.688Z,2026-04-19T17:03:29.688Z 08:00:00,2026-04-19T17:03:29.688Z 18:00:00,181,3,2,7,14.879999999999999,75.36,Incident reported in Kodagu. Complainant alleges public order involving 2 suspect(s). Investigation is ongoing under jurisdiction of the local police station.
10120,100131120202600120,202600120,2026-01-27T17:03:29.688Z,2026-01-27T17:03:29.688Z 08:00:00,2026-01-27T17:03:29.688Z 18:00:00,131,3,2,6,13.52,75.8,Incident reported in Davanagere. Complainant alleges narcotics involving 1 suspect(s). Investigation is ongoing under jurisdiction of the local police station.
10121,100011121202600121,202600121,2026-07-17T17:03:29.688Z,2026-07-16T17:03:29.688Z 08:00:00,2026-07-16T17:03:29.688Z 18:00:00,11,1,2,3,14.4,76.48,Incident reported in Bengaluru City. Complainant alleges crimes against women involving 1 suspect(s). Investigation is ongoing under jurisdiction of the local police station.
10122,100231122202600122,202600122,2026-04-16T17:03:29.688Z,2026-04-15T17:03:29.688Z 08:00:00,2026-04-15T17:03:29.688Z 18:00:00,231,1,2,5,14,76.72,Incident reported in Chikkaballapura. Complainant alleges economic offences involving 3 suspect(s). Investigation is ongoing under jurisdiction of the local police station.
10123,100071123202600123,202600123,2026-02-10T17:03:29.688Z,2026-02-09T17:03:29.688Z 08:00:00,2026-02-09T17:03:29.688Z 18:00:00,71,2,2,7,12.56,76.48,Incident reported in Kalaburagi. Complainant alleges public order involving 3 suspect(s). Investigation is ongoing under jurisdiction of the local police station.
10124,100251124202600124,202600124,2026-04-28T17:03:29.688Z,2026-04-27T17:03:29.688Z 08:00:00,2026-04-27T17:03:29.688Z 18:00:00,251,1,1,7,13.04,75.4,Incident reported in Gadag. Complainant alleges public order involving 3 suspect(s). Investigation is ongoing under jurisdiction of the local police station.
10125,100061125202600125,202600125,2026-04-14T17:03:29.688Z,2026-04-12T17:03:29.688Z 08:00:00,2026-04-12T17:03:29.688Z 18:00:00,61,1,2,1,12.72,75.12,Incident reported in Belagavi. Complainant alleges crimes against body involving 3 suspect(s). Investigation is ongoing under jurisdiction of the local police station.
10126,100241126202600126,202600126,2026-04-30T17:03:29.688Z,2026-04-30T17:03:29.688Z 08:00:00,2026-04-30T17:03:29.688Z 18:00:00,241,3,2,3,13.68,75.92,Incident reported in Chitradurga. Complainant alleges crimes against women involving 2 suspect(s). Investigation is ongoing under jurisdiction of the local police station.
10127,100231127202600127,202600127,2026-01-24T17:03:29.688Z,2026-01-22T17:03:29.688Z 08:00:00,2026-01-22T17:03:29.688Z 18:00:00,231,3,1,6,14,76.72,Incident reported in Chikkaballapura. Complainant alleges narcotics involving 3 suspect(s). Investigation is ongoing under jurisdiction of the local police station.
10128,100201128202600128,202600128,2026-03-17T17:03:29.688Z,2026-03-15T17:03:29.688Z 08:00:00,2026-03-15T17:03:29.688Z 18:00:00,201,2,2,5,14.2,76.88,Incident reported in Kolar. Complainant alleges economic offences involving 3 suspect(s). Investigation is ongoing under jurisdiction of the local police station.
10129,100251129202600129,202600129,2026-07-03T17:03:29.688Z,2026-07-03T17:03:29.688Z 08:00:00,2026-07-03T17:03:29.688Z 18:00:00,251,3,2,3,13.04,75.4,Incident reported in Gadag. Complainant alleges crimes against women involving 1 suspect(s). Investigation is ongoing under jurisdiction of the local police station.
10130,100051130202600130,202600130,2026-03-06T17:03:29.688Z,2026-03-06T17:03:29.688Z 08:00:00,2026-03-06T17:03:29.688Z 18:00:00,51,3,2,5,13.2,75.28,Incident reported in Hubballi-Dharwad. Complainant alleges economic offences involving 1 suspect(s). Investigation is ongoing under jurisdiction of the local police station.
10131,100301131202600131,202600131,2026-07-02T17:03:29.688Z,2026-07-01T17:03:29.688Z 08:00:00,2026-07-01T17:03:29.688Z 18:00:00,301,3,1,1,12.72,76.56,Incident reported in Yadgir. Complainant alleges crimes against body involving 3 suspect(s). Investigation is ongoing under jurisdiction of the local police station.
10132,100181132202600132,202600132,2026-06-30T17:03:29.688Z,2026-06-28T17:03:29.688Z 08:00:00,2026-06-28T17:03:29.688Z 18:00:00,181,3,1,4,14.879999999999999,75.36,Incident reported in Kodagu. Complainant alleges cyber crimes involving 3 suspect(s). Investigation is ongoing under jurisdiction of the local police station.
10133,100101133202600133,202600133,2026-06-21T17:03:29.688Z,2026-06-20T17:03:29.688Z 08:00:00,2026-06-20T17:03:29.688Z 18:00:00,101,3,2,2,14,76.2,Incident reported in Tumakuru. Complainant alleges crimes against property involving 1 suspect(s). Investigation is ongoing under jurisdiction of the local police station.
10134,100291134202600134,202600134,2026-04-16T17:03:29.688Z,2026-04-14T17:03:29.688Z 08:00:00,2026-04-14T17:03:29.688Z 18:00:00,291,1,1,5,13.52,74.96,Incident reported in Uttara Kannada. Complainant alleges economic offences involving 1 suspect(s). Investigation is ongoing under jurisdiction of the local police station.
10135,100151135202600135,202600135,2026-05-12T17:03:29.688Z,2026-05-11T17:03:29.688Z 08:00:00,2026-05-11T17:03:29.688Z 18:00:00,151,2,1,1,14.4,75.68,Incident reported in Hassan. Complainant alleges crimes against body involving 3 suspect(s). Investigation is ongoing under jurisdiction of the local police station.
10136,100281136202600136,202600136,2026-04-06T17:03:29.688Z,2026-04-05T17:03:29.688Z 08:00:00,2026-04-05T17:03:29.688Z 18:00:00,281,1,2,4,14.56,76.24,Incident reported in Ramanagara. Complainant alleges cyber crimes involving 2 suspect(s). Investigation is ongoing under jurisdiction of the local police station.
10137,100201137202600137,202600137,2026-03-09T17:03:29.688Z,2026-03-08T17:03:29.688Z 08:00:00,2026-03-08T17:03:29.688Z 18:00:00,201,2,2,4,14.2,76.88,Incident reported in Kolar. Complainant alleges cyber crimes involving 2 suspect(s). Investigation is ongoing under jurisdiction of the local police station.
10138,100281138202600138,202600138,2026-06-03T17:03:29.688Z,2026-06-02T17:03:29.688Z 08:00:00,2026-06-02T17:03:29.688Z 18:00:00,281,3,1,2,14.56,76.24,Incident reported in Ramanagara. Complainant alleges crimes against property involving 2 suspect(s). Investigation is ongoing under jurisdiction of the local police station.
10139,100081139202600139,202600139,2026-04-02T17:03:29.688Z,2026-03-31T17:03:29.688Z 08:00:00,2026-03-31T17:03:29.688Z 18:00:00,81,3,2,2,13.2,76.2,Incident reported in Ballari. Complainant alleges crimes against property involving 2 suspect(s). Investigation is ongoing under jurisdiction of the local police station.
10140,100151140202600140,202600140,2026-03-17T17:03:29.689Z,2026-03-16T17:03:29.689Z 08:00:00,2026-03-16T17:03:29.689Z 18:00:00,151,3,2,6,14.4,75.68,Incident reported in Hassan. Complainant alleges narcotics involving 1 suspect(s). Investigation is ongoing under jurisdiction of the local police station.
10141,100071141202600141,202600141,2026-06-04T17:03:29.689Z,2026-06-03T17:03:29.689Z 08:00:00,2026-06-03T17:03:29.689Z 18:00:00,71,3,2,3,12.56,76.48,Incident reported in Kalaburagi. Complainant alleges crimes against women involving 1 suspect(s). Investigation is ongoing under jurisdiction of the local police station.
10142,100201142202600142,202600142,2026-02-13T17:03:29.689Z,2026-02-11T17:03:29.689Z 08:00:00,2026-02-11T17:03:29.689Z 18:00:00,201,2,2,3,14.2,76.88,Incident reported in Kolar. Complainant alleges crimes against women involving 1 suspect(s). Investigation is ongoing under jurisdiction of the local police station.
10143,100161143202600143,202600143,2026-03-26T17:03:29.689Z,2026-03-25T17:03:29.689Z 08:00:00,2026-03-25T17:03:29.689Z 18:00:00,161,3,1,3,14.64,76,Incident reported in Mandya. Complainant alleges crimes against women involving 3 suspect(s). Investigation is ongoing under jurisdiction of the local police station.
10144,100041144202600144,202600144,2026-05-15T17:03:29.689Z,2026-05-15T17:03:29.689Z 08:00:00,2026-05-15T17:03:29.689Z 18:00:00,41,2,2,7,14.2,74.88,Incident reported in Mangaluru. Complainant alleges public order involving 3 suspect(s). Investigation is ongoing under jurisdiction of the local police station.
10145,100031145202600145,202600145,2026-02-09T17:03:29.689Z,2026-02-09T17:03:29.689Z 08:00:00,2026-02-09T17:03:29.689Z 18:00:00,31,3,2,7,14.879999999999999,75.92,Incident reported in Mysuru. Complainant alleges public order involving 3 suspect(s). Investigation is ongoing under jurisdiction of the local police station.
10146,100091146202600146,202600146,2026-03-20T17:03:29.689Z,2026-03-20T17:03:29.689Z 08:00:00,2026-03-20T17:03:29.689Z 18:00:00,91,2,1,4,12.6,75.8,Incident reported in Vijayapura. Complainant alleges cyber crimes involving 1 suspect(s). Investigation is ongoing under jurisdiction of the local police station.
10147,100031147202600147,202600147,2026-06-21T17:03:29.689Z,2026-06-21T17:03:29.689Z 08:00:00,2026-06-21T17:03:29.689Z 18:00:00,31,3,1,1,14.879999999999999,75.92,Incident reported in Mysuru. Complainant alleges crimes against body involving 3 suspect(s). Investigation is ongoing under jurisdiction of the local police station.
10148,100071148202600148,202600148,2026-03-21T17:03:29.689Z,2026-03-20T17:03:29.689Z 08:00:00,2026-03-20T17:03:29.689Z 18:00:00,71,2,2,4,12.56,76.48,Incident reported in Kalaburagi. Complainant alleges cyber crimes involving 1 suspect(s). Investigation is ongoing under jurisdiction of the local police station.
10149,100171149202600149,202600149,2026-07-15T17:03:29.689Z,2026-07-15T17:03:29.689Z 08:00:00,2026-07-15T17:03:29.689Z 18:00:00,171,3,2,3,14.2,75.44,Incident reported in Chikkamagaluru. Complainant alleges crimes against women involving 3 suspect(s). Investigation is ongoing under jurisdiction of the local police station.
10150,100171150202600150,202600150,2026-07-09T17:03:29.689Z,2026-07-09T17:03:29.689Z 08:00:00,2026-07-09T17:03:29.689Z 18:00:00,171,1,1,6,14.2,75.44,Incident reported in Chikkamagaluru. Complainant alleges narcotics involving 3 suspect(s). Investigation is ongoing under jurisdiction of the local police station.
10151,100111151202600151,202600151,2026-03-18T17:03:29.689Z,2026-03-17T17:03:29.689Z 08:00:00,2026-03-17T17:03:29.689Z 18:00:00,111,2,2,6,13.8,75.4,Incident reported in Shivamogga. Complainant alleges narcotics involving 2 suspect(s). Investigation is ongoing under jurisdiction of the local police station.
10152,100051152202600152,202600152,2026-04-11T17:03:29.689Z,2026-04-11T17:03:29.689Z 08:00:00,2026-04-11T17:03:29.689Z 18:00:00,51,1,2,6,13.2,75.28,Incident reported in Hubballi-Dharwad. Complainant alleges narcotics involving 3 suspect(s). Investigation is ongoing under jurisdiction of the local police station.
10153,100121153202600153,202600153,2026-05-31T17:03:29.689Z,2026-05-30T17:03:29.689Z 08:00:00,2026-05-30T17:03:29.689Z 18:00:00,121,3,1,5,13.92,74.8,Incident reported in Udupi. Complainant alleges economic offences involving 3 suspect(s). Investigation is ongoing under jurisdiction of the local police station.
10154,100311154202600154,202600154,2026-05-01T17:03:29.689Z,2026-04-29T17:03:29.689Z 08:00:00,2026-04-29T17:03:29.689Z 18:00:00,311,3,2,4,13.28,76.08,Incident reported in Vijayanagara. Complainant alleges cyber crimes involving 2 suspect(s). Investigation is ongoing under jurisdiction of the local police station.
10155,100131155202600155,202600155,2026-04-06T17:03:29.689Z,2026-04-04T17:03:29.689Z 08:00:00,2026-04-04T17:03:29.689Z 18:00:00,131,1,1,2,13.52,75.8,Incident reported in Davanagere. Complainant alleges crimes against property involving 2 suspect(s). Investigation is ongoing under jurisdiction of the local police station.
10156,100201156202600156,202600156,2026-03-31T17:03:29.689Z,2026-03-30T17:03:29.689Z 08:00:00,2026-03-30T17:03:29.689Z 18:00:00,201,1,2,5,14.2,76.88,Incident reported in Kolar. Complainant alleges economic offences involving 1 suspect(s). Investigation is ongoing under jurisdiction of the local police station.
10157,100031157202600157,202600157,2026-04-08T17:03:29.689Z,2026-04-07T17:03:29.689Z 08:00:00,2026-04-07T17:03:29.689Z 18:00:00,31,1,1,6,14.879999999999999,75.92,Incident reported in Mysuru. Complainant alleges narcotics involving 1 suspect(s). Investigation is ongoing under jurisdiction of the local police station.
10158,100141158202600158,202600158,2026-02-27T17:03:29.689Z,2026-02-25T17:03:29.689Z 08:00:00,2026-02-25T17:03:29.689Z 18:00:00,141,2,2,2,12.88,76.4,Incident reported in Raichur. Complainant alleges crimes against property involving 2 suspect(s). Investigation is ongoing under jurisdiction of the local police station.
10159,100241159202600159,202600159,2026-02-18T17:03:29.689Z,2026-02-17T17:03:29.689Z 08:00:00,2026-02-17T17:03:29.689Z 18:00:00,241,2,2,6,13.68,75.92,Incident reported in Chitradurga. Complainant alleges narcotics involving 2 suspect(s). Investigation is ongoing under jurisdiction of the local police station.
10160,100281160202600160,202600160,2026-06-06T17:03:29.689Z,2026-06-05T17:03:29.689Z 08:00:00,2026-06-05T17:03:29.689Z 18:00:00,281,1,1,2,14.56,76.24,Incident reported in Ramanagara. Complainant alleges crimes against property involving 3 suspect(s). Investigation is ongoing under jurisdiction of the local police station.
10161,100221161202600161,202600161,2026-03-13T17:03:29.689Z,2026-03-12T17:03:29.689Z 08:00:00,2026-03-12T17:03:29.689Z 18:00:00,221,2,1,4,15.2,75.92,Incident reported in Chamarajanagara. Complainant alleges cyber crimes involving 3 suspect(s). Investigation is ongoing under jurisdiction of the local police station.
10162,100121162202600162,202600162,2026-07-06T17:03:29.689Z,2026-07-05T17:03:29.689Z 08:00:00,2026-07-05T17:03:29.689Z 18:00:00,121,2,2,5,13.92,74.8,Incident reported in Udupi. Complainant alleges economic offences involving 2 suspect(s). Investigation is ongoing under jurisdiction of the local police station.
10163,100241163202600163,202600163,2026-02-23T17:03:29.689Z,2026-02-21T17:03:29.689Z 08:00:00,2026-02-21T17:03:29.689Z 18:00:00,241,3,1,4,13.68,75.92,Incident reported in Chitradurga. Complainant alleges cyber crimes involving 3 suspect(s). Investigation is ongoing under jurisdiction of the local police station.
10164,100231164202600164,202600164,2026-01-27T17:03:29.689Z,2026-01-26T17:03:29.689Z 08:00:00,2026-01-26T17:03:29.689Z 18:00:00,231,1,2,4,14,76.72,Incident reported in Chikkaballapura. Complainant alleges cyber crimes involving 1 suspect(s). Investigation is ongoing under jurisdiction of the local police station.
10165,100181165202600165,202600165,2026-05-23T17:03:29.689Z,2026-05-23T17:03:29.689Z 08:00:00,2026-05-23T17:03:29.689Z 18:00:00,181,3,2,4,14.879999999999999,75.36,Incident reported in Kodagu. Complainant alleges cyber crimes involving 1 suspect(s). Investigation is ongoing under jurisdiction of the local police station.
10166,100091166202600166,202600166,2026-02-09T17:03:29.689Z,2026-02-07T17:03:29.689Z 08:00:00,2026-02-07T17:03:29.689Z 18:00:00,91,2,2,1,12.6,75.8,Incident reported in Vijayapura. Complainant alleges crimes against body involving 1 suspect(s). Investigation is ongoing under jurisdiction of the local police station.
10167,100151167202600167,202600167,2026-06-11T17:03:29.689Z,2026-06-09T17:03:29.689Z 08:00:00,2026-06-09T17:03:29.689Z 18:00:00,151,3,2,1,14.4,75.68,Incident reported in Hassan. Complainant alleges crimes against body involving 2 suspect(s). Investigation is ongoing under jurisdiction of the local police station.
10168,100311168202600168,202600168,2026-04-22T17:03:29.689Z,2026-04-21T17:03:29.689Z 08:00:00,2026-04-21T17:03:29.689Z 18:00:00,311,3,1,5,13.28,76.08,Incident reported in Vijayanagara. Complainant alleges economic offences involving 3 suspect(s). Investigation is ongoing under jurisdiction of the local police station.
10169,100171169202600169,202600169,2026-05-04T17:03:29.689Z,2026-05-04T17:03:29.689Z 08:00:00,2026-05-04T17:03:29.689Z 18:00:00,171,3,1,3,14.2,75.44,Incident reported in Chikkamagaluru. Complainant alleges crimes against women involving 2 suspect(s). Investigation is ongoing under jurisdiction of the local police station.
10170,100271170202600170,202600170,2026-07-19T17:03:29.689Z,2026-07-19T17:03:29.689Z 08:00:00,2026-07-19T17:03:29.689Z 18:00:00,271,1,2,3,13.04,76,Incident reported in Koppal. Complainant alleges crimes against women involving 3 suspect(s). Investigation is ongoing under jurisdiction of the local police station.
10171,100231171202600171,202600171,2026-06-25T17:03:29.689Z,2026-06-23T17:03:29.689Z 08:00:00,2026-06-23T17:03:29.689Z 18:00:00,231,2,2,2,14,76.72,Incident reported in Chikkaballapura. Complainant alleges crimes against property involving 3 suspect(s). Investigation is ongoing under jurisdiction of the local police station.
10172,100091172202600172,202600172,2026-03-02T17:03:29.689Z,2026-02-28T17:03:29.689Z 08:00:00,2026-02-28T17:03:29.689Z 18:00:00,91,2,2,7,12.6,75.8,Incident reported in Vijayapura. Complainant alleges public order involving 2 suspect(s). Investigation is ongoing under jurisdiction of the local police station.
10173,100051173202600173,202600173,2026-06-13T17:03:29.689Z,2026-06-12T17:03:29.689Z 08:00:00,2026-06-12T17:03:29.689Z 18:00:00,51,3,2,3,13.2,75.28,Incident reported in Hubballi-Dharwad. Complainant alleges crimes against women involving 3 suspect(s). Investigation is ongoing under jurisdiction of the local police station.
10174,100081174202600174,202600174,2026-02-11T17:03:29.689Z,2026-02-11T17:03:29.689Z 08:00:00,2026-02-11T17:03:29.689Z 18:00:00,81,1,2,7,13.2,76.2,Incident reported in Ballari. Complainant alleges public order involving 1 suspect(s). Investigation is ongoing under jurisdiction of the local police station.
10175,100301175202600175,202600175,2026-01-23T17:03:29.689Z,2026-01-21T17:03:29.689Z 08:00:00,2026-01-21T17:03:29.689Z 18:00:00,301,2,1,2,12.72,76.56,Incident reported in Yadgir. Complainant alleges crimes against property involving 1 suspect(s). Investigation is ongoing under jurisdiction of the local police station.
10176,100021176202600176,202600176,2026-07-05T17:03:29.689Z,2026-07-03T17:03:29.689Z 08:00:00,2026-07-03T17:03:29.689Z 18:00:00,21,3,2,5,14.2,76.32,Incident reported in Bengaluru Rural. Complainant alleges economic offences involving 2 suspect(s). Investigation is ongoing under jurisdiction of the local police station.
10177,100021177202600177,202600177,2026-02-01T17:03:29.689Z,2026-01-30T17:03:29.689Z 08:00:00,2026-01-30T17:03:29.689Z 18:00:00,21,1,2,7,14.2,76.32,Incident reported in Bengaluru Rural. Complainant alleges public order involving 3 suspect(s). Investigation is ongoing under jurisdiction of the local police station.
10178,100031178202600178,202600178,2026-05-12T17:03:29.689Z,2026-05-10T17:03:29.689Z 08:00:00,2026-05-10T17:03:29.689Z 18:00:00,31,3,1,2,14.879999999999999,75.92,Incident reported in Mysuru. Complainant alleges crimes against property involving 1 suspect(s). Investigation is ongoing under jurisdiction of the local police station.
10179,100181179202600179,202600179,2026-04-15T17:03:29.689Z,2026-04-15T17:03:29.689Z 08:00:00,2026-04-15T17:03:29.689Z 18:00:00,181,3,1,1,14.879999999999999,75.36,Incident reported in Kodagu. Complainant alleges crimes against body involving 3 suspect(s). Investigation is ongoing under jurisdiction of the local police station.
10180,100231180202600180,202600180,2026-05-06T17:03:29.689Z,2026-05-05T17:03:29.689Z 08:00:00,2026-05-05T17:03:29.689Z 18:00:00,231,1,1,1,14,76.72,Incident reported in Chikkaballapura. Complainant alleges crimes against body involving 2 suspect(s). Investigation is ongoing under jurisdiction of the local police station.
10181,100151181202600181,202600181,2026-03-07T17:03:29.689Z,2026-03-07T17:03:29.689Z 08:00:00,2026-03-07T17:03:29.689Z 18:00:00,151,3,1,3,14.4,75.68,Incident reported in Hassan. Complainant alleges crimes against women involving 2 suspect(s). Investigation is ongoing under jurisdiction of the local police station.
10182,100131182202600182,202600182,2026-06-29T17:03:29.689Z,2026-06-29T17:03:29.689Z 08:00:00,2026-06-29T17:03:29.689Z 18:00:00,131,3,2,6,13.52,75.8,Incident reported in Davanagere. Complainant alleges narcotics involving 2 suspect(s). Investigation is ongoing under jurisdiction of the local police station.
10183,100201183202600183,202600183,2026-07-08T17:03:29.689Z,2026-07-06T17:03:29.689Z 08:00:00,2026-07-06T17:03:29.689Z 18:00:00,201,3,2,5,14.2,76.88,Incident reported in Kolar. Complainant alleges economic offences involving 2 suspect(s). Investigation is ongoing under jurisdiction of the local police station.
10184,100161184202600184,202600184,2026-02-13T17:03:29.689Z,2026-02-11T17:03:29.689Z 08:00:00,2026-02-11T17:03:29.689Z 18:00:00,161,2,2,2,14.64,76,Incident reported in Mandya. Complainant alleges crimes against property involving 3 suspect(s). Investigation is ongoing under jurisdiction of the local police station.
10185,100181185202600185,202600185,2026-03-12T17:03:29.689Z,2026-03-12T17:03:29.689Z 08:00:00,2026-03-12T17:03:29.689Z 18:00:00,181,3,1,5,14.879999999999999,75.36,Incident reported in Kodagu. Complainant alleges economic offences involving 1 suspect(s). Investigation is ongoing under jurisdiction of the local police station.
10186,100181186202600186,202600186,2026-06-20T17:03:29.689Z,2026-06-18T17:03:29.689Z 08:00:00,2026-06-18T17:03:29.689Z 18:00:00,181,1,2,4,14.879999999999999,75.36,Incident reported in Kodagu. Complainant alleges cyber crimes involving 3 suspect(s). Investigation is ongoing under jurisdiction of the local police station.
10187,100241187202600187,202600187,2026-04-08T17:03:29.689Z,2026-04-08T17:03:29.689Z 08:00:00,2026-04-08T17:03:29.689Z 18:00:00,241,1,2,2,13.68,75.92,Incident reported in Chitradurga. Complainant alleges crimes against property involving 1 suspect(s). Investigation is ongoing under jurisdiction of the local police station.
10188,100171188202600188,202600188,2026-06-22T17:03:29.689Z,2026-06-20T17:03:29.689Z 08:00:00,2026-06-20T17:03:29.689Z 18:00:00,171,3,2,3,14.2,75.44,Incident reported in Chikkamagaluru. Complainant alleges crimes against women involving 2 suspect(s). Investigation is ongoing under jurisdiction of the local police station.
10189,100011189202600189,202600189,2026-07-07T17:03:29.689Z,2026-07-06T17:03:29.689Z 08:00:00,2026-07-06T17:03:29.689Z 18:00:00,11,3,2,1,14.4,76.48,Incident reported in Bengaluru City. Complainant alleges crimes against body involving 2 suspect(s). Investigation is ongoing under jurisdiction of the local police station.
10190,100261190202600190,202600190,2026-04-22T17:03:29.689Z,2026-04-22T17:03:29.689Z 08:00:00,2026-04-22T17:03:29.689Z 18:00:00,261,3,1,5,13.36,75.44,Incident reported in Haveri. Complainant alleges economic offences involving 3 suspect(s). Investigation is ongoing under jurisdiction of the local police station.
10191,100041191202600191,202600191,2026-02-11T17:03:29.689Z,2026-02-11T17:03:29.689Z 08:00:00,2026-02-11T17:03:29.689Z 18:00:00,41,3,2,3,14.2,74.88,Incident reported in Mangaluru. Complainant alleges crimes against women involving 3 suspect(s). Investigation is ongoing under jurisdiction of the local police station.
10192,100161192202600192,202600192,2026-03-26T17:03:29.689Z,2026-03-26T17:03:29.689Z 08:00:00,2026-03-26T17:03:29.689Z 18:00:00,161,1,1,4,14.64,76,Incident reported in Mandya. Complainant alleges cyber crimes involving 3 suspect(s). Investigation is ongoing under jurisdiction of the local police station.
10193,100221193202600193,202600193,2026-07-17T17:03:29.689Z,2026-07-16T17:03:29.689Z 08:00:00,2026-07-16T17:03:29.689Z 18:00:00,221,1,1,7,15.2,75.92,Incident reported in Chamarajanagara. Complainant alleges public order involving 2 suspect(s). Investigation is ongoing under jurisdiction of the local police station.
10194,100051194202600194,202600194,2026-05-15T17:03:29.689Z,2026-05-13T17:03:29.689Z 08:00:00,2026-05-13T17:03:29.689Z 18:00:00,51,3,2,2,13.2,75.28,Incident reported in Hubballi-Dharwad. Complainant alleges crimes against property involving 2 suspect(s). Investigation is ongoing under jurisdiction of the local police station.
10195,100241195202600195,202600195,2026-06-06T17:03:29.689Z,2026-06-06T17:03:29.689Z 08:00:00,2026-06-06T17:03:29.689Z 18:00:00,241,1,2,5,13.68,75.92,Incident reported in Chitradurga. Complainant alleges economic offences involving 1 suspect(s). Investigation is ongoing under jurisdiction of the local police station.
10196,100021196202600196,202600196,2026-06-14T17:03:29.689Z,2026-06-12T17:03:29.689Z 08:00:00,2026-06-12T17:03:29.689Z 18:00:00,21,3,1,5,14.2,76.32,Incident reported in Bengaluru Rural. Complainant alleges economic offences involving 2 suspect(s). Investigation is ongoing under jurisdiction of the local police station.
10197,100091197202600197,202600197,2026-07-03T17:03:29.689Z,2026-07-01T17:03:29.689Z 08:00:00,2026-07-01T17:03:29.689Z 18:00:00,91,3,1,5,12.6,75.8,Incident reported in Vijayapura. Complainant alleges economic offences involving 2 suspect(s). Investigation is ongoing under jurisdiction of the local police station.
10198,100301198202600198,202600198,2026-05-06T17:03:29.689Z,2026-05-06T17:03:29.689Z 08:00:00,2026-05-06T17:03:29.689Z 18:00:00,301,3,2,6,12.72,76.56,Incident reported in Yadgir. Complainant alleges narcotics involving 1 suspect(s). Investigation is ongoing under jurisdiction of the local police station.
10199,100131199202600199,202600199,2026-02-04T17:03:29.689Z,2026-02-04T17:03:29.689Z 08:00:00,2026-02-04T17:03:29.689Z 18:00:00,131,2,1,7,13.52,75.8,Incident reported in Davanagere. Complainant alleges public order involving 1 suspect(s). Investigation is ongoing under jurisdiction of the local police station.
10200,100101200202600200,202600200,2026-03-02T17:03:29.689Z,2026-03-01T17:03:29.689Z 08:00:00,2026-03-01T17:03:29.689Z 18:00:00,101,3,1,1,14,76.2,Incident reported in Tumakuru. Complainant alleges crimes against body involving 1 suspect(s). Investigation is ongoing under jurisdiction of the local police station.
10201,100131201202600201,202600201,2026-07-04T17:03:29.689Z,2026-07-03T17:03:29.689Z 08:00:00,2026-07-03T17:03:29.689Z 18:00:00,131,1,2,5,13.52,75.8,Incident reported in Davanagere. Complainant alleges economic offences involving 2 suspect(s). Investigation is ongoing under jurisdiction of the local police station.
10202,100311202202600202,202600202,2026-06-21T17:03:29.689Z,2026-06-21T17:03:29.689Z 08:00:00,2026-06-21T17:03:29.689Z 18:00:00,311,3,1,2,13.28,76.08,Incident reported in Vijayanagara. Complainant alleges crimes against property involving 2 suspect(s). Investigation is ongoing under jurisdiction of the local police station.
10203,100101203202600203,202600203,2026-03-22T17:03:29.689Z,2026-03-21T17:03:29.689Z 08:00:00,2026-03-21T17:03:29.689Z 18:00:00,101,1,2,1,14,76.2,Incident reported in Tumakuru. Complainant alleges crimes against body involving 2 suspect(s). Investigation is ongoing under jurisdiction of the local police station.
10204,100141204202600204,202600204,2026-03-08T17:03:29.689Z,2026-03-06T17:03:29.689Z 08:00:00,2026-03-06T17:03:29.689Z 18:00:00,141,2,1,4,12.88,76.4,Incident reported in Raichur. Complainant alleges cyber crimes involving 3 suspect(s). Investigation is ongoing under jurisdiction of the local police station.
10205,100261205202600205,202600205,2026-07-08T17:03:29.689Z,2026-07-08T17:03:29.689Z 08:00:00,2026-07-08T17:03:29.689Z 18:00:00,261,1,1,1,13.36,75.44,Incident reported in Haveri. Complainant alleges crimes against body involving 3 suspect(s). Investigation is ongoing under jurisdiction of the local police station.
10206,100261206202600206,202600206,2026-04-10T17:03:29.689Z,2026-04-09T17:03:29.689Z 08:00:00,2026-04-09T17:03:29.689Z 18:00:00,261,1,2,6,13.36,75.44,Incident reported in Haveri. Complainant alleges narcotics involving 3 suspect(s). Investigation is ongoing under jurisdiction of the local police station.
10207,100021207202600207,202600207,2026-07-06T17:03:29.689Z,2026-07-04T17:03:29.689Z 08:00:00,2026-07-04T17:03:29.689Z 18:00:00,21,1,1,5,14.2,76.32,Incident reported in Bengaluru Rural. Complainant alleges economic offences involving 2 suspect(s). Investigation is ongoing under jurisdiction of the local police station.
10208,100301208202600208,202600208,2026-01-23T17:03:29.689Z,2026-01-22T17:03:29.689Z 08:00:00,2026-01-22T17:03:29.689Z 18:00:00,301,1,2,6,12.72,76.56,Incident reported in Yadgir. Complainant alleges narcotics involving 2 suspect(s). Investigation is ongoing under jurisdiction of the local police station.
10209,100291209202600209,202600209,2026-02-11T17:03:29.689Z,2026-02-11T17:03:29.689Z 08:00:00,2026-02-11T17:03:29.689Z 18:00:00,291,1,1,3,13.52,74.96,Incident reported in Uttara Kannada. Complainant alleges crimes against women involving 2 suspect(s). Investigation is ongoing under jurisdiction of the local police station.
10210,100151210202600210,202600210,2026-05-06T17:03:29.689Z,2026-05-05T17:03:29.689Z 08:00:00,2026-05-05T17:03:29.689Z 18:00:00,151,3,2,7,14.4,75.68,Incident reported in Hassan. Complainant alleges public order involving 3 suspect(s). Investigation is ongoing under jurisdiction of the local police station.
10211,100261211202600211,202600211,2026-05-09T17:03:29.689Z,2026-05-07T17:03:29.689Z 08:00:00,2026-05-07T17:03:29.689Z 18:00:00,261,3,2,2,13.36,75.44,Incident reported in Haveri. Complainant alleges crimes against property involving 2 suspect(s). Investigation is ongoing under jurisdiction of the local police station.
10212,100271212202600212,202600212,2026-07-05T17:03:29.689Z,2026-07-03T17:03:29.689Z 08:00:00,2026-07-03T17:03:29.689Z 18:00:00,271,2,2,7,13.04,76,Incident reported in Koppal. Complainant alleges public order involving 1 suspect(s). Investigation is ongoing under jurisdiction of the local police station.
10213,100111213202600213,202600213,2026-02-07T17:03:29.690Z,2026-02-05T17:03:29.690Z 08:00:00,2026-02-05T17:03:29.690Z 18:00:00,111,3,1,4,13.8,75.4,Incident reported in Shivamogga. Complainant alleges cyber crimes involving 1 suspect(s). Investigation is ongoing under jurisdiction of the local police station.
10214,100021214202600214,202600214,2026-02-10T17:03:29.690Z,2026-02-09T17:03:29.690Z 08:00:00,2026-02-09T17:03:29.690Z 18:00:00,21,3,1,1,14.2,76.32,Incident reported in Bengaluru Rural. Complainant alleges crimes against body involving 1 suspect(s). Investigation is ongoing under jurisdiction of the local police station.
10215,100051215202600215,202600215,2026-07-04T17:03:29.690Z,2026-07-02T17:03:29.690Z 08:00:00,2026-07-02T17:03:29.690Z 18:00:00,51,1,1,5,13.2,75.28,Incident reported in Hubballi-Dharwad. Complainant alleges economic offences involving 3 suspect(s). Investigation is ongoing under jurisdiction of the local police station.
10216,100141216202600216,202600216,2026-05-28T17:03:29.690Z,2026-05-28T17:03:29.690Z 08:00:00,2026-05-28T17:03:29.690Z 18:00:00,141,3,2,5,12.88,76.4,Incident reported in Raichur. Complainant alleges economic offences involving 3 suspect(s). Investigation is ongoing under jurisdiction of the local police station.
10217,100071217202600217,202600217,2026-07-11T17:03:29.690Z,2026-07-11T17:03:29.690Z 08:00:00,2026-07-11T17:03:29.690Z 18:00:00,71,3,1,1,12.56,76.48,Incident reported in Kalaburagi. Complainant alleges crimes against body involving 2 suspect(s). Investigation is ongoing under jurisdiction of the local police station.
10218,100141218202600218,202600218,2026-03-08T17:03:29.690Z,2026-03-07T17:03:29.690Z 08:00:00,2026-03-07T17:03:29.690Z 18:00:00,141,3,1,7,12.88,76.4,Incident reported in Raichur. Complainant alleges public order involving 1 suspect(s). Investigation is ongoing under jurisdiction of the local police station.
10219,100171219202600219,202600219,2026-01-31T17:03:29.690Z,2026-01-29T17:03:29.690Z 08:00:00,2026-01-29T17:03:29.690Z 18:00:00,171,2,1,6,14.2,75.44,Incident reported in Chikkamagaluru. Complainant alleges narcotics involving 1 suspect(s). Investigation is ongoing under jurisdiction of the local police station.
10220,100171220202600220,202600220,2026-07-21T17:03:29.690Z,2026-07-21T17:03:29.690Z 08:00:00,2026-07-21T17:03:29.690Z 18:00:00,171,3,2,5,14.2,75.44,Incident reported in Chikkamagaluru. Complainant alleges economic offences involving 1 suspect(s). Investigation is ongoing under jurisdiction of the local police station.
10221,100021221202600221,202600221,2026-02-18T17:03:29.690Z,2026-02-16T17:03:29.690Z 08:00:00,2026-02-16T17:03:29.690Z 18:00:00,21,3,1,3,14.2,76.32,Incident reported in Bengaluru Rural. Complainant alleges crimes against women involving 3 suspect(s). Investigation is ongoing under jurisdiction of the local police station.
10222,100091222202600222,202600222,2026-06-25T17:03:29.690Z,2026-06-24T17:03:29.690Z 08:00:00,2026-06-24T17:03:29.690Z 18:00:00,91,3,2,3,12.6,75.8,Incident reported in Vijayapura. Complainant alleges crimes against women involving 2 suspect(s). Investigation is ongoing under jurisdiction of the local police station.
10223,100241223202600223,202600223,2026-03-05T17:03:29.690Z,2026-03-04T17:03:29.690Z 08:00:00,2026-03-04T17:03:29.690Z 18:00:00,241,3,2,2,13.68,75.92,Incident reported in Chitradurga. Complainant alleges crimes against property involving 3 suspect(s). Investigation is ongoing under jurisdiction of the local police station.
10224,100021224202600224,202600224,2026-06-18T17:03:29.690Z,2026-06-17T17:03:29.690Z 08:00:00,2026-06-17T17:03:29.690Z 18:00:00,21,3,2,6,14.2,76.32,Incident reported in Bengaluru Rural. Complainant alleges narcotics involving 1 suspect(s). Investigation is ongoing under jurisdiction of the local police station.
10225,100151225202600225,202600225,2026-06-16T17:03:29.690Z,2026-06-14T17:03:29.690Z 08:00:00,2026-06-14T17:03:29.690Z 18:00:00,151,1,1,1,14.4,75.68,Incident reported in Hassan. Complainant alleges crimes against body involving 2 suspect(s). Investigation is ongoing under jurisdiction of the local police station.
10226,100211226202600226,202600226,2026-03-21T17:03:29.690Z,2026-03-20T17:03:29.690Z 08:00:00,2026-03-20T17:03:29.690Z 18:00:00,211,1,2,4,12.8,75.52,Incident reported in Bagalkote. Complainant alleges cyber crimes involving 2 suspect(s). Investigation is ongoing under jurisdiction of the local police station.
10227,100031227202600227,202600227,2026-05-03T17:03:29.690Z,2026-05-01T17:03:29.690Z 08:00:00,2026-05-01T17:03:29.690Z 18:00:00,31,3,1,7,14.879999999999999,75.92,Incident reported in Mysuru. Complainant alleges public order involving 1 suspect(s). Investigation is ongoing under jurisdiction of the local police station.
10228,100271228202600228,202600228,2026-06-09T17:03:29.690Z,2026-06-07T17:03:29.690Z 08:00:00,2026-06-07T17:03:29.690Z 18:00:00,271,1,2,3,13.04,76,Incident reported in Koppal. Complainant alleges crimes against women involving 2 suspect(s). Investigation is ongoing under jurisdiction of the local police station.
10229,100141229202600229,202600229,2026-03-14T17:03:29.690Z,2026-03-14T17:03:29.690Z 08:00:00,2026-03-14T17:03:29.690Z 18:00:00,141,1,2,6,12.88,76.4,Incident reported in Raichur. Complainant alleges narcotics involving 3 suspect(s). Investigation is ongoing under jurisdiction of the local police station.
10230,100131230202600230,202600230,2026-06-07T17:03:29.690Z,2026-06-05T17:03:29.690Z 08:00:00,2026-06-05T17:03:29.690Z 18:00:00,131,2,1,6,13.52,75.8,Incident reported in Davanagere. Complainant alleges narcotics involving 2 suspect(s). Investigation is ongoing under jurisdiction of the local police station.
10231,100241231202600231,202600231,2026-06-23T17:03:29.690Z,2026-06-22T17:03:29.690Z 08:00:00,2026-06-22T17:03:29.690Z 18:00:00,241,2,2,1,13.68,75.92,Incident reported in Chitradurga. Complainant alleges crimes against body involving 1 suspect(s). Investigation is ongoing under jurisdiction of the local police station.
10232,100081232202600232,202600232,2026-03-03T17:03:29.690Z,2026-03-01T17:03:29.690Z 08:00:00,2026-03-01T17:03:29.690Z 18:00:00,81,3,1,4,13.2,76.2,Incident reported in Ballari. Complainant alleges cyber crimes involving 2 suspect(s). Investigation is ongoing under jurisdiction of the local police station.
10233,100181233202600233,202600233,2026-05-21T17:03:29.690Z,2026-05-20T17:03:29.690Z 08:00:00,2026-05-20T17:03:29.690Z 18:00:00,181,3,2,2,14.879999999999999,75.36,Incident reported in Kodagu. Complainant alleges crimes against property involving 1 suspect(s). Investigation is ongoing under jurisdiction of the local police station.
10234,100201234202600234,202600234,2026-02-26T17:03:29.690Z,2026-02-25T17:03:29.690Z 08:00:00,2026-02-25T17:03:29.690Z 18:00:00,201,3,2,2,14.2,76.88,Incident reported in Kolar. Complainant alleges crimes against property involving 2 suspect(s). Investigation is ongoing under jurisdiction of the local police station.
10235,100261235202600235,202600235,2026-07-12T17:03:29.690Z,2026-07-12T17:03:29.690Z 08:00:00,2026-07-12T17:03:29.690Z 18:00:00,261,1,2,7,13.36,75.44,Incident reported in Haveri. Complainant alleges public order involving 3 suspect(s). Investigation is ongoing under jurisdiction of the local police station.
10236,100301236202600236,202600236,2026-03-05T17:03:29.690Z,2026-03-04T17:03:29.690Z 08:00:00,2026-03-04T17:03:29.690Z 18:00:00,301,3,2,7,12.72,76.56,Incident reported in Yadgir. Complainant alleges public order involving 2 suspect(s). Investigation is ongoing under jurisdiction of the local police station.
10237,100061237202600237,202600237,2026-03-26T17:03:29.690Z,2026-03-26T17:03:29.690Z 08:00:00,2026-03-26T17:03:29.690Z 18:00:00,61,3,2,2,12.72,75.12,Incident reported in Belagavi. Complainant alleges crimes against property involving 2 suspect(s). Investigation is ongoing under jurisdiction of the local police station.
10238,100271238202600238,202600238,2026-06-26T17:03:29.690Z,2026-06-24T17:03:29.690Z 08:00:00,2026-06-24T17:03:29.690Z 18:00:00,271,3,1,1,13.04,76,Incident reported in Koppal. Complainant alleges crimes against body involving 1 suspect(s). Investigation is ongoing under jurisdiction of the local police station.
10239,100281239202600239,202600239,2026-06-14T17:03:29.690Z,2026-06-14T17:03:29.690Z 08:00:00,2026-06-14T17:03:29.690Z 18:00:00,281,3,2,4,14.56,76.24,Incident reported in Ramanagara. Complainant alleges cyber crimes involving 3 suspect(s). Investigation is ongoing under jurisdiction of the local police station.